0,1,2,0,1,2,0,1,2,0,1,2,0,1,2,0,1,2,0,1,2,0,1,2,0,1,2,0,1,2,0,1,2,0,1,2,0,1,2,0,1,2,0,1,2,0,1,2,0,1,2,0,1,2,0,1,2,0,1,2,0,1,2,0,1,2,0,1,2,0,1,2,0,1,2,0,1,2,0,1,2,0,1,2,0,1,2,0,1,2,0,1,2,0,1,2,0,1,2,0,1,2,0,1,2,0,1,2,0,1,2,0,1,2,0,1,2,0,1,2,0,1,2,0,1,2,0,1
22,23,24,22,23,24,22,23,24,22,23,24,22,23,24,22,23,24,22,23,24,22,23,24,22,23,24,22,23,24,22,23,24,22,23,24,22,23,24,22,23,24,22,23,24,22,23,24,22,23,24,22,23,24,22,23,24,22,23,24,22,23,24,22,23,24,22,23,24,22,23,24,22,23,24,22,23,24,22,23,24,22,23,24,22,23,24,22,23,24,22,23,24,22,23,24,22,23,24,22,23,24,22,23,24,22,23,24,22,23,24,22,23,24,22,23,24,22,23,24,22,23,24,22,23,24,22,23
44,45,46,44,45,46,44,45,46,44,45,46,44,45,46,44,45,46,44,45,46,44,45,46,44,45,46,44,45,46,44,45,46,44,45,46,44,45,46,44,45,46,44,45,46,44,45,46,44,45,46,44,45,46,44,45,46,44,45,46,44,45,46,44,45,46,44,45,46,44,45,46,44,45,46,44,45,46,44,45,46,44,45,46,44,45,46,44,45,46,44,45,46,44,45,46,44,45,46,44,45,46,44,45,46,44,45,46,44,45,46,44,45,46,44,45,46,44,45,46,44,45,46,44,45,46,44,45
0,1,2,0,1,2,0,1,2,0,1,2,0,1,2,0,1,2,0,1,2,0,1,2,0,1,2,0,1,2,0,1,2,0,1,2,0,1,2,0,1,2,0,1,2,0,1,2,0,1,2,0,1,2,0,1,2,0,1,2,0,1,2,0,1,2,0,1,2,0,1,2,0,1,2,0,1,2,0,1,2,0,1,2,0,1,2,0,1,2,0,1,2,0,1,2,0,1,2,0,1,2,0,1,2,0,1,2,0,1,2,0,1,2,0,1,2,0,1,2,0,1,2,0,1,2,0,1
22,23,24,22,23,24,22,23,24,22,23,24,22,23,24,22,23,24,22,23,24,22,23,24,22,23,24,22,23,24,22,23,24,22,23,24,22,23,24,22,23,24,22,23,24,22,23,24,22,23,24,22,23,24,22,23,24,22,23,24,22,23,24,22,23,24,22,23,24,22,23,24,22,23,24,22,23,24,22,23,24,22,23,24,22,23,24,22,23,24,22,23,24,22,23,24,22,23,24,22,23,24,22,23,24,22,23,24,22,23,24,22,23,24,22,23,24,22,23,24,22,23,24,22,23,24,22,23
44,45,46,44,45,46,44,45,46,44,45,46,44,45,46,44,45,46,44,45,46,44,45,46,44,45,46,44,45,46,44,45,46,44,45,46,44,45,46,44,45,46,44,45,46,44,45,46,44,45,46,44,45,46,44,45,46,44,45,46,44,45,46,44,45,46,44,45,46,44,45,46,44,45,46,44,45,46,44,45,46,44,45,46,44,45,46,44,45,46,44,45,46,44,45,46,44,45,46,44,45,46,44,45,46,44,45,46,44,45,46,44,45,46,44,45,46,44,45,46,44,45,46,44,45,46,44,45
0,1,2,0,1,2,0,1,2,0,1,2,0,1,2,0,1,2,0,1,2,0,1,2,0,1,2,0,1,2,0,1,2,0,1,2,0,1,2,0,1,2,0,1,2,0,1,2,0,1,2,0,1,2,0,1,2,0,1,2,0,1,2,0,1,2,0,1,2,0,1,2,0,1,2,0,1,2,0,1,2,0,1,2,0,1,2,0,1,2,0,1,2,0,1,2,0,1,2,0,1,2,0,1,2,0,1,2,0,1,2,0,1,2,0,1,2,0,1,2,0,1,2,0,1,2,0,1
22,23,24,22,23,24,22,23,24,22,23,24,22,23,24,22,23,24,22,23,24,22,23,24,22,23,24,22,23,24,22,23,24,22,23,24,22,23,24,22,23,24,22,23,24,22,23,24,22,23,24,22,23,24,22,23,24,22,23,24,22,23,24,22,23,24,22,23,24,22,23,24,22,23,24,22,23,24,22,23,24,22,23,24,22,23,24,22,23,24,22,23,24,22,23,24,22,23,24,22,23,24,22,23,24,22,23,24,22,23,24,22,23,24,22,23,24,22,23,24,22,23,24,22,23,24,22,23
44,45,46,44,45,46,44,45,46,44,45,46,44,45,46,44,45,46,44,45,46,44,45,46,44,45,46,44,45,46,44,45,46,44,45,46,44,45,46,44,45,46,44,45,46,44,45,46,44,45,46,44,45,46,44,45,46,44,45,46,44,45,46,44,45,46,44,45,46,44,45,46,44,45,46,44,45,46,44,45,46,44,45,46,44,45,46,44,45,46,44,45,46,44,45,46,44,45,46,44,45,46,44,45,46,44,45,46,44,45,46,44,45,46,44,45,46,44,45,46,44,45,46,44,45,46,44,45
0,1,2,0,1,2,0,1,2,0,1,2,0,1,2,0,1,2,0,1,2,0,1,2,0,1,2,0,1,2,0,1,2,0,1,2,0,1,2,0,1,2,0,1,2,0,1,2,0,1,2,0,1,2,0,1,2,0,1,2,0,1,2,0,1,2,0,1,2,0,1,2,0,1,2,0,1,2,0,1,2,0,1,2,0,1,2,0,1,2,0,1,2,0,1,2,0,1,2,0,1,2,0,1,2,0,1,2,0,1,2,0,1,2,0,1,2,0,1,2,0,1,2,0,1,2,0,1
22,23,24,22,23,24,22,23,24,22,23,24,22,23,24,22,23,24,22,23,24,22,23,24,22,23,24,22,23,24,22,23,24,22,23,24,22,23,24,22,23,24,22,23,24,22,23,24,22,23,24,22,23,24,22,23,24,22,23,24,22,23,24,22,23,24,22,23,24,22,23,24,22,23,24,22,23,24,22,23,24,22,23,24,22,23,24,22,23,24,22,23,24,22,23,24,22,23,24,22,23,24,22,23,24,22,23,24,22,23,24,22,23,24,22,23,24,22,23,24,22,23,24,22,23,24,22,23
44,45,46,44,45,46,44,45,46,44,45,46,44,45,46,44,45,46,44,45,46,44,45,46,44,45,46,44,45,46,44,45,46,44,45,46,44,45,46,44,45,46,44,45,46,44,45,46,44,45,46,44,45,46,44,45,46,44,45,46,44,45,46,44,45,46,44,45,46,44,45,46,44,45,46,44,45,46,44,45,46,44,45,46,44,45,46,44,45,46,44,45,46,44,45,46,44,45,46,44,45,46,44,45,46,44,45,46,44,45,46,44,45,46,44,45,46,44,45,46,44,45,46,44,45,46,44,45
0,1,2,0,1,2,0,1,2,0,1,2,0,1,2,0,1,2,0,1,2,0,1,2,0,1,2,0,1,2,0,1,2,0,1,2,0,1,2,0,1,2,0,1,2,0,1,2,0,1,2,0,1,2,0,1,2,0,1,2,0,1,2,0,1,2,0,1,2,0,1,2,0,1,2,0,1,2,0,1,2,0,1,2,0,1,2,0,1,2,0,1,2,0,1,2,0,1,2,0,1,2,0,1,2,0,1,2,0,1,2,0,1,2,0,1,2,0,1,2,0,1,2,0,1,2,0,1
22,23,24,22,23,24,22,23,24,22,23,24,22,23,24,22,23,24,22,23,24,22,23,24,22,23,24,22,23,24,22,23,24,22,23,24,22,23,24,22,23,24,22,23,24,22,23,24,22,23,24,22,23,24,22,23,24,22,23,24,22,23,24,22,23,24,22,23,24,22,23,24,22,23,24,22,23,24,22,23,24,22,23,24,22,23,24,22,23,24,22,23,24,22,23,24,22,23,24,22,23,24,22,23,24,22,23,24,22,23,24,22,23,24,22,23,24,22,23,24,22,23,24,22,23,24,22,23
44,45,46,44,45,46,44,45,46,44,45,46,44,45,46,44,45,46,44,45,46,44,45,46,44,45,46,44,45,46,44,45,46,44,45,46,44,45,46,44,45,46,44,45,46,44,45,46,44,45,46,44,45,46,44,45,46,44,45,46,44,45,46,44,45,46,44,45,46,44,45,46,44,45,46,44,45,46,44,45,46,44,45,46,44,45,46,44,45,46,44,45,46,44,45,46,44,45,46,44,45,46,44,45,46,44,45,46,44,45,46,44,45,46,44,45,46,44,45,46,44,45,46,44,45,46,44,45
0,1,2,0,1,2,0,1,2,0,1,2,0,1,2,0,1,2,0,1,2,0,1,2,0,1,2,0,1,2,0,1,2,0,1,2,0,1,2,0,1,2,0,1,2,0,1,2,0,1,2,0,1,2,0,1,2,0,1,2,0,1,2,0,1,2,0,1,2,0,1,2,0,1,2,0,1,2,0,1,2,0,1,2,0,1,2,0,1,2,0,1,2,0,1,2,0,1,2,0,1,2,0,1,2,0,1,2,0,1,2,0,1,2,0,1,2,0,1,2,0,1,2,0,1,2,0,1
22,23,24,22,23,24,22,23,24,22,23,24,22,23,24,22,23,24,22,23,24,22,23,24,22,23,24,22,23,24,22,23,24,22,23,24,22,23,24,22,23,24,22,23,24,22,23,24,22,23,24,22,23,24,22,23,24,22,23,24,22,23,24,22,23,24,22,23,24,22,23,24,22,23,24,22,23,24,22,23,24,22,23,24,22,23,24,22,23,24,22,23,24,22,23,24,22,23,24,22,23,24,22,23,24,22,23,24,22,23,24,22,23,24,22,23,24,22,23,24,22,23,24,22,23,24,22,23
44,45,46,44,45,46,44,45,46,44,45,46,44,45,46,44,45,46,44,45,46,44,45,46,44,45,46,44,45,46,44,45,46,44,45,46,44,45,46,44,45,46,44,45,46,44,45,46,44,45,46,44,45,46,44,45,46,44,45,46,44,45,46,44,45,46,44,45,46,44,45,46,44,45,46,44,45,46,44,45,46,44,45,46,44,45,46,44,45,46,44,45,46,44,45,46,44,45,46,44,45,46,44,45,46,44,45,46,44,45,46,44,45,46,44,45,46,44,45,46,44,45,46,44,45,46,44,45
0,1,2,0,1,2,0,1,2,0,1,2,0,1,2,0,1,2,0,1,2,0,1,2,0,1,2,0,1,2,0,1,2,0,1,2,0,1,2,0,1,2,0,1,2,0,1,2,0,1,2,0,1,2,0,1,2,0,1,2,0,1,2,0,1,2,0,1,2,0,1,2,0,1,2,0,1,2,0,1,2,0,1,2,0,1,2,0,1,2,0,1,2,0,1,2,0,1,2,0,1,2,0,1,2,0,1,2,0,1,2,0,1,2,0,1,2,0,1,2,0,1,2,0,1,2,0,1
22,23,24,22,23,24,22,23,24,22,23,24,22,23,24,22,23,24,22,23,24,22,23,24,22,23,24,22,23,24,22,23,24,22,23,24,22,23,24,22,23,24,22,23,24,22,23,24,22,23,24,22,23,24,22,23,24,22,23,24,22,23,24,22,23,24,22,23,24,22,23,24,22,23,24,22,23,24,22,23,24,22,23,24,22,23,24,22,23,24,22,23,24,22,23,24,22,23,24,22,23,24,22,23,24,22,23,24,22,23,24,22,23,24,22,23,24,22,23,24,22,23,24,22,23,24,22,23
44,45,46,44,45,46,44,45,46,44,45,46,44,45,46,44,45,46,44,45,46,44,45,46,44,45,46,44,45,46,44,45,46,44,45,46,44,45,46,44,45,46,44,45,46,44,45,46,44,45,46,44,45,46,44,45,46,44,45,46,44,45,46,44,45,46,44,45,46,44,45,46,44,45,46,44,45,46,44,45,46,44,45,46,44,45,46,44,45,46,44,45,46,44,45,46,44,45,46,44,45,46,44,45,46,44,45,46,44,45,46,44,45,46,44,45,46,44,45,46,44,45,46,44,45,46,44,45
0,1,2,0,1,2,0,1,2,0,1,2,0,1,2,0,1,2,0,1,2,0,1,2,0,1,2,0,1,2,0,1,2,0,1,2,0,1,2,0,1,2,0,1,2,0,1,2,0,1,2,0,1,2,0,1,2,0,1,2,0,1,2,0,1,2,0,1,2,0,1,2,0,1,2,0,1,2,0,1,2,0,1,2,0,1,2,0,1,2,0,1,2,0,1,2,0,1,2,0,1,2,0,1,2,0,1,2,0,1,2,0,1,2,0,1,2,0,1,2,0,1,2,0,1,2,0,1
22,23,24,22,23,24,22,23,24,22,23,24,22,23,24,22,23,24,22,23,24,22,23,24,22,23,24,22,23,24,22,23,24,22,23,24,22,23,24,22,23,24,22,23,24,22,23,24,22,23,24,22,23,24,22,23,24,22,23,24,22,23,24,22,23,24,22,23,24,22,23,24,22,23,24,22,23,24,22,23,24,22,23,24,22,23,24,22,23,24,22,23,24,22,23,24,22,23,24,22,23,24,22,23,24,22,23,24,22,23,24,22,23,24,22,23,24,22,23,24,22,23,24,22,23,24,22,23
44,45,46,44,45,46,44,45,46,44,45,46,44,45,46,44,45,46,44,45,46,44,45,46,44,45,46,44,45,46,44,45,46,44,45,46,44,45,46,44,45,46,44,45,46,44,45,46,44,45,46,44,45,46,44,45,46,44,45,46,44,45,46,44,45,46,44,45,46,44,45,46,44,45,46,44,45,46,44,45,46,44,45,46,44,45,46,44,45,46,44,45,46,44,45,46,44,45,46,44,45,46,44,45,46,44,45,46,44,45,46,44,45,46,44,45,46,44,45,46,44,45,46,44,45,46,44,45
0,1,2,0,1,2,0,1,2,0,1,2,0,1,2,0,1,2,0,1,2,0,1,2,0,1,2,0,1,2,0,1,2,0,1,2,0,1,2,0,1,2,0,1,2,0,1,2,0,1,2,0,1,2,0,1,2,0,1,2,0,1,2,0,1,2,0,1,2,0,1,2,0,1,2,0,1,2,0,1,2,0,1,2,0,1,2,0,1,2,0,1,2,0,1,2,0,1,2,0,1,2,0,1,2,0,1,2,0,1,2,0,1,2,0,1,2,0,1,2,0,1,2,0,1,2,0,1
22,23,24,22,23,24,22,23,24,22,23,24,22,23,24,22,23,24,22,23,24,22,23,24,22,23,24,22,23,24,22,23,24,22,23,24,22,23,24,22,23,24,22,23,24,22,23,24,22,23,24,22,23,24,22,23,24,22,23,24,22,23,24,22,23,24,22,23,24,22,23,24,22,23,24,22,23,24,22,23,24,22,23,24,22,23,24,22,23,24,22,23,24,22,23,24,22,23,24,22,23,24,22,23,24,22,23,24,22,23,24,22,23,24,22,23,24,22,23,24,22,23,24,22,23,24,22,23
44,45,46,44,45,46,44,45,46,44,45,46,44,45,46,44,45,46,44,45,46,44,45,46,44,45,46,44,45,46,44,45,46,44,45,46,44,45,46,44,45,46,44,45,46,44,45,46,44,45,46,44,45,46,44,45,46,44,45,46,44,45,46,44,45,46,44,45,46,44,45,46,44,45,46,44,45,46,44,45,46,44,45,46,44,45,46,44,45,46,44,45,46,44,45,46,44,45,46,44,45,46,44,45,46,44,45,46,44,45,46,44,45,46,44,45,46,44,45,46,44,45,46,44,45,46,44,45
0,1,2,0,1,2,0,1,2,0,1,2,0,1,2,0,1,2,0,1,2,0,1,2,0,1,2,0,1,2,0,1,2,0,1,2,0,1,2,0,1,2,0,1,2,0,1,2,0,1,2,0,1,2,0,1,2,0,1,2,0,1,2,0,1,2,0,1,2,0,1,2,0,1,2,0,1,2,0,1,2,0,1,2,0,1,2,0,1,2,0,1,2,0,1,2,0,1,2,0,1,2,0,1,2,0,1,2,0,1,2,0,1,2,0,1,2,0,1,2,0,1,2,0,1,2,0,1
22,23,24,22,23,24,22,23,24,22,23,24,22,23,24,22,23,24,22,23,24,22,23,24,22,23,24,22,23,24,22,23,24,22,23,24,22,23,24,22,23,24,22,23,24,22,23,24,22,23,24,22,23,24,22,23,24,22,23,24,22,23,24,22,23,24,22,23,24,22,23,24,22,23,24,22,23,24,22,23,24,22,23,24,22,23,24,22,23,24,22,23,24,22,23,24,22,23,24,22,23,24,22,23,24,22,23,24,22,23,24,22,23,24,22,23,24,22,23,24,22,23,24,22,23,24,22,23
44,45,46,44,45,46,44,45,46,44,45,46,44,45,46,44,45,46,44,45,46,44,45,46,44,45,46,44,45,46,44,45,46,44,45,46,44,45,46,44,45,46,44,45,46,44,45,46,44,45,46,44,45,46,44,45,46,44,45,46,44,45,46,44,45,46,44,45,46,44,45,46,44,45,46,44,45,46,44,45,46,44,45,46,44,45,46,44,45,46,44,45,46,44,45,46,44,45,46,44,45,46,44,45,46,44,45,46,44,45,46,44,45,46,44,45,46,44,45,46,44,45,46,44,45,46,44,45
0,1,2,0,1,2,0,1,2,0,1,2,0,1,2,0,1,2,0,1,2,0,1,2,0,1,2,0,1,2,0,1,2,0,1,2,0,1,2,0,1,2,0,1,2,0,1,2,0,1,2,0,1,2,0,1,2,0,1,2,0,1,2,0,1,2,0,1,2,0,1,2,0,1,2,0,1,2,0,1,2,0,1,2,0,1,2,0,1,2,0,1,2,0,1,2,0,1,2,0,1,2,0,1,2,0,1,2,0,1,2,0,1,2,0,1,2,0,1,2,0,1,2,0,1,2,0,1
22,23,24,22,23,24,22,23,24,22,23,24,22,23,24,22,23,24,22,23,24,22,23,24,22,23,24,22,23,24,22,23,24,22,23,24,22,23,24,22,23,24,22,23,24,22,23,24,22,23,24,22,23,24,22,23,24,22,23,24,22,23,24,22,23,24,22,23,24,22,23,24,22,23,24,22,23,24,22,23,24,22,23,24,22,23,24,22,23,24,22,23,24,22,23,24,22,23,24,22,23,24,22,23,24,22,23,24,22,23,24,22,23,24,22,23,24,22,23,24,22,23,24,22,23,24,22,23
44,45,46,44,45,46,44,45,46,44,45,46,44,45,46,44,45,46,44,45,46,44,45,46,44,45,46,44,45,46,44,45,46,44,45,46,44,45,46,44,45,46,44,45,46,44,45,46,44,45,46,44,45,46,44,45,46,44,45,46,44,45,46,44,45,46,44,45,46,44,45,46,44,45,46,44,45,46,44,45,46,44,45,46,44,45,46,44,45,46,44,45,46,44,45,46,44,45,46,44,45,46,44,45,46,44,45,46,44,45,46,44,45,46,44,45,46,44,45,46,44,45,46,44,45,46,44,45
0,1,2,0,1,2,0,1,2,0,1,2,0,1,2,0,1,2,0,1,2,0,1,2,0,1,2,0,1,2,0,1,2,0,1,2,0,1,2,0,1,2,0,1,2,0,1,2,0,1,2,0,1,2,0,1,2,0,1,2,0,1,2,0,1,2,0,1,2,0,1,2,0,1,2,0,1,2,0,1,2,0,1,2,0,1,2,0,1,2,0,1,2,0,1,2,0,1,2,0,1,2,0,1,2,0,1,2,0,1,2,0,1,2,0,1,2,0,1,2,0,1,2,0,1,2,0,1
22,23,24,22,23,24,22,23,24,22,23,24,22,23,24,22,23,24,22,23,24,22,23,24,22,23,24,22,23,24,22,23,24,22,23,24,22,23,24,22,23,24,22,23,24,22,23,24,22,23,24,22,23,24,22,23,24,22,23,24,22,23,24,22,23,24,22,23,24,22,23,24,22,23,24,22,23,24,22,23,24,22,23,24,22,23,24,22,23,24,22,23,24,22,23,24,22,23,24,22,23,24,22,23,24,22,23,24,22,23,24,22,23,24,22,23,24,22,23,24,22,23,24,22,23,24,22,23
44,45,46,44,45,46,44,45,46,44,45,46,44,45,46,44,45,46,44,45,46,44,45,46,44,45,46,44,45,46,44,45,46,44,45,46,44,45,46,44,45,46,44,45,46,44,45,46,44,45,46,44,45,46,44,45,46,44,45,46,44,45,46,44,45,46,44,45,46,44,45,46,44,45,46,44,45,46,44,45,46,44,45,46,44,45,46,44,45,46,44,45,46,44,45,46,44,45,46,44,45,46,44,45,46,44,45,46,44,45,46,44,45,46,44,45,46,44,45,46,44,45,46,44,45,46,44,45
0,1,2,0,1,2,0,1,2,0,1,2,0,1,2,0,1,2,0,1,2,0,1,2,0,1,2,0,1,2,0,1,2,0,1,2,0,1,2,0,1,2,0,1,2,0,1,2,0,1,2,0,1,2,0,1,2,0,1,2,0,1,2,0,1,2,0,1,2,0,1,2,0,1,2,0,1,2,0,1,2,0,1,2,0,1,2,0,1,2,0,1,2,0,1,2,0,1,2,0,1,2,0,1,2,0,1,2,0,1,2,0,1,2,0,1,2,0,1,2,0,1,2,0,1,2,0,1
22,23,24,22,23,24,22,23,24,22,23,24,22,23,24,22,23,24,22,23,24,22,23,24,22,23,24,22,23,24,22,23,24,22,23,24,22,23,24,22,23,24,22,23,24,22,23,24,22,23,24,22,23,24,22,23,24,22,23,24,22,23,24,22,23,24,22,23,24,22,23,24,22,23,24,22,23,24,22,23,24,22,23,24,22,23,24,22,23,24,22,23,24,22,23,24,22,23,24,22,23,24,22,23,24,22,23,24,22,23,24,22,23,24,22,23,24,22,23,24,22,23,24,22,23,24,22,23
44,45,46,44,45,46,44,45,46,44,45,46,44,45,46,44,45,46,44,45,46,44,45,46,44,45,46,44,45,46,44,45,46,44,45,46,44,45,46,44,45,46,44,45,46,44,45,46,44,45,46,44,45,46,44,45,46,44,45,46,44,45,46,44,45,46,44,45,46,44,45,46,44,45,46,44,45,46,44,45,46,44,45,46,44,45,46,44,45,46,44,45,46,44,45,46,44,45,46,44,45,46,44,45,46,44,45,46,44,45,46,44,45,46,44,45,46,44,45,46,44,45,46,44,45,46,44,45
0,1,2,0,1,2,0,1,2,0,1,2,0,1,2,0,1,2,0,1,2,0,1,2,0,1,2,0,1,2,0,1,2,0,1,2,0,1,2,0,1,2,0,1,2,0,1,2,0,1,2,0,1,2,0,1,2,0,1,2,0,1,2,0,1,2,0,1,2,0,1,2,0,1,2,0,1,2,0,1,2,0,1,2,0,1,2,0,1,2,0,1,2,0,1,2,0,1,2,0,1,2,0,1,2,0,1,2,0,1,2,0,1,2,0,1,2,0,1,2,0,1,2,0,1,2,0,1
22,23,24,22,23,24,22,23,24,22,23,24,22,23,24,22,23,24,22,23,24,22,23,24,22,23,24,22,23,24,22,23,24,22,23,24,22,23,24,22,23,24,22,23,24,22,23,24,22,23,24,22,23,24,22,23,24,22,23,24,22,23,24,22,23,24,22,23,24,22,23,24,22,23,24,22,23,24,22,23,24,22,23,24,22,23,24,22,23,24,22,23,24,22,23,24,22,23,24,22,23,24,22,23,24,22,23,24,22,23,24,22,23,24,22,23,24,22,23,24,22,23,24,22,23,24,22,23
44,45,46,44,45,46,44,45,46,44,45,46,44,45,46,44,45,46,44,45,46,44,45,46,44,45,46,44,45,46,44,45,46,44,45,46,44,45,46,44,45,46,44,45,46,44,45,46,44,45,46,44,45,46,44,45,46,44,45,46,44,45,46,44,45,46,44,45,46,44,45,46,44,45,46,44,45,46,44,45,46,44,45,46,44,45,46,44,45,46,44,45,46,44,45,46,44,45,46,44,45,46,44,45,46,44,45,46,44,45,46,44,45,46,44,45,46,44,45,46,44,45,46,44,45,46,44,45
0,1,2,0,1,2,0,1,2,0,1,2,0,1,2,0,1,2,0,1,2,0,1,2,0,1,2,0,1,2,0,1,2,0,1,2,0,1,2,0,1,2,0,1,2,0,1,2,0,1,2,0,1,2,0,1,2,0,1,2,0,1,2,0,1,2,0,1,2,0,1,2,0,1,2,0,1,2,0,1,2,0,1,2,0,1,2,0,1,2,0,1,2,0,1,2,0,1,2,0,1,2,0,1,2,0,1,2,0,1,2,0,1,2,0,1,2,0,1,2,0,1,2,0,1,2,0,1
22,23,24,22,23,24,22,23,24,22,23,24,22,23,24,22,23,24,22,23,24,22,23,24,22,23,24,22,23,24,22,23,24,22,23,24,22,23,24,22,23,24,22,23,24,22,23,24,22,23,24,22,23,24,22,23,24,22,23,24,22,23,24,22,23,24,22,23,24,22,23,24,22,23,24,22,23,24,22,23,24,22,23,24,22,23,24,22,23,24,22,23,24,22,23,24,22,23,24,22,23,24,22,23,24,22,23,24,22,23,24,22,23,24,22,23,24,22,23,24,22,23,24,22,23,24,22,23
44,45,46,44,45,46,44,45,46,44,45,46,44,45,46,44,45,46,44,45,46,44,45,46,44,45,46,44,45,46,44,45,46,44,45,46,44,45,46,44,45,46,44,45,46,44,45,46,44,45,46,44,45,46,44,45,46,44,45,46,44,45,46,44,45,46,44,45,46,44,45,46,44,45,46,44,45,46,44,45,46,44,45,46,44,45,46,44,45,46,44,45,46,44,45,46,44,45,46,44,45,46,44,45,46,44,45,46,44,45,46,44,45,46,44,45,46,44,45,46,44,45,46,44,45,46,44,45
0,1,2,0,1,2,0,1,2,0,1,2,0,1,2,0,1,2,0,1,2,0,1,2,0,1,2,0,1,2,0,1,2,0,1,2,0,1,2,0,1,2,0,1,2,0,1,2,0,1,2,0,1,2,0,1,2,0,1,2,0,1,2,0,1,2,0,1,2,0,1,2,0,1,2,0,1,2,0,1,2,0,1,2,0,1,2,0,1,2,0,1,2,0,1,2,0,1,2,0,1,2,0,1,2,0,1,2,0,1,2,0,1,2,0,1,2,0,1,2,0,1,2,0,1,2,0,1
22,23,24,22,23,24,22,23,24,22,23,24,22,23,24,22,23,24,22,23,24,22,23,24,22,23,24,22,23,24,22,23,24,22,23,24,22,23,24,22,23,24,22,23,24,22,23,24,22,23,24,22,23,24,22,23,24,22,23,24,22,23,24,22,23,24,22,23,24,22,23,24,22,23,24,22,23,24,22,23,24,22,23,24,22,23,24,22,23,24,22,23,24,22,23,24,22,23,24,22,23,24,22,23,24,22,23,24,22,23,24,22,23,24,22,23,24,22,23,24,22,23,24,22,23,24,22,23
44,45,46,44,45,46,44,45,46,44,45,46,44,45,46,44,45,46,44,45,46,44,45,46,44,45,46,44,45,46,44,45,46,44,45,46,44,45,46,44,45,46,44,45,46,44,45,46,44,45,46,44,45,46,44,45,46,44,45,46,44,45,46,44,45,46,44,45,46,44,45,46,44,45,46,44,45,46,44,45,46,44,45,46,44,45,46,44,45,46,44,45,46,44,45,46,44,45,46,44,45,46,44,45,46,44,45,46,44,45,46,44,45,46,44,45,46,44,45,46,44,45,46,44,45,46,44,45
0,1,2,0,1,2,0,1,2,0,1,2,0,1,2,0,1,2,0,1,2,0,1,2,0,1,2,0,1,2,0,1,2,0,1,2,0,1,2,0,1,2,0,1,2,0,1,2,0,1,2,0,1,2,0,1,2,0,1,2,0,1,2,0,1,2,0,1,2,0,1,2,0,1,2,0,1,2,0,1,2,0,1,2,0,1,2,0,1,2,0,1,2,0,1,2,0,1,2,0,1,2,0,1,2,0,1,2,0,1,2,0,1,2,0,1,2,0,1,2,0,1,2,0,1,2,0,1
22,23,24,22,23,24,22,23,24,22,23,24,22,23,24,22,23,24,22,23,24,22,23,24,22,23,24,22,23,24,22,23,24,22,23,24,22,23,24,22,23,24,22,23,24,22,23,24,22,23,24,22,23,24,22,23,24,22,23,24,22,23,24,22,23,24,22,23,24,22,23,24,22,23,24,22,23,24,22,23,24,22,23,24,22,23,24,22,23,24,22,23,24,22,23,24,22,23,24,22,23,24,22,23,24,22,23,24,22,23,24,22,23,24,22,23,24,22,23,24,22,23,24,22,23,24,22,23
44,45,46,44,45,46,44,45,46,44,45,46,44,45,46,44,45,46,44,45,46,44,45,46,44,45,46,44,45,46,44,45,46,44,45,46,44,45,46,44,45,46,44,45,46,44,45,46,44,45,46,44,45,46,44,45,46,44,45,46,44,45,46,44,45,46,44,45,46,44,45,46,44,45,46,44,45,46,44,45,46,44,45,46,44,45,46,44,45,46,44,45,46,44,45,46,44,45,46,44,45,46,44,45,46,44,45,46,44,45,46,44,45,46,44,45,46,44,45,46,44,45,46,44,45,46,44,45
0,1,2,0,1,2,0,1,2,0,1,2,0,1,2,0,1,2,0,1,2,0,1,2,0,1,2,0,1,2,0,1,2,0,1,2,0,1,2,0,1,2,0,1,2,0,1,2,0,1,2,0,1,2,0,1,2,0,1,2,0,1,2,0,1,2,0,1,2,0,1,2,0,1,2,0,1,2,0,1,2,0,1,2,0,1,2,0,1,2,0,1,2,0,1,2,0,1,2,0,1,2,0,1,2,0,1,2,0,1,2,0,1,2,0,1,2,0,1,2,0,1,2,0,1,2,0,1
22,23,24,22,23,24,22,23,24,22,23,24,22,23,24,22,23,24,22,23,24,22,23,24,22,23,24,22,23,24,22,23,24,22,23,24,22,23,24,22,23,24,22,23,24,22,23,24,22,23,24,22,23,24,22,23,24,22,23,24,22,23,24,22,23,24,22,23,24,22,23,24,22,23,24,22,23,24,22,23,24,22,23,24,22,23,24,22,23,24,22,23,24,22,23,24,22,23,24,22,23,24,22,23,24,22,23,24,22,23,24,22,23,24,22,23,24,22,23,24,22,23,24,22,23,24,22,23
44,45,46,44,45,46,44,45,46,44,45,46,44,45,46,44,45,46,44,45,46,44,45,46,44,45,46,44,45,46,44,45,46,44,45,46,44,45,46,44,45,46,44,45,46,44,45,46,44,45,46,44,45,46,44,45,46,44,45,46,44,45,46,44,45,46,44,45,46,44,45,46,44,45,46,44,45,46,44,45,46,44,45,46,44,45,46,44,45,46,44,45,46,44,45,46,44,45,46,44,45,46,44,45,46,44,45,46,44,45,46,44,45,46,44,45,46,44,45,46,44,45,46,44,45,46,44,45
0,1,2,0,1,2,0,1,2,0,1,2,0,1,2,0,1,2,0,1,2,0,1,2,0,1,2,0,1,2,0,1,2,0,1,2,0,1,2,0,1,2,0,1,2,0,1,2,0,1,2,0,1,2,0,1,2,0,1,2,0,1,2,0,1,2,0,1,2,0,1,2,0,1,2,0,1,2,0,1,2,0,1,2,0,1,2,0,1,2,0,1,2,0,1,2,0,1,2,0,1,2,0,1,2,0,1,2,0,1,2,0,1,2,0,1,2,0,1,2,0,1,2,0,1,2,0,1
22,23,24,22,23,24,22,23,24,22,23,24,22,23,24,22,23,24,22,23,24,22,23,24,22,23,24,22,23,24,22,23,24,22,23,24,22,23,24,22,23,24,22,23,24,22,23,24,22,23,24,22,23,24,22,23,24,22,23,24,22,23,24,22,23,24,22,23,24,22,23,24,22,23,24,22,23,24,22,23,24,22,23,24,22,23,24,22,23,24,22,23,24,22,23,24,22,23,24,22,23,24,22,23,24,22,23,24,22,23,24,22,23,24,22,23,24,22,23,24,22,23,24,22,23,24,22,23
44,45,46,44,45,46,44,45,46,44,45,46,44,45,46,44,45,46,44,45,46,44,45,46,44,45,46,44,45,46,44,45,46,44,45,46,44,45,46,44,45,46,44,45,46,44,45,46,44,45,46,44,45,46,44,45,46,44,45,46,44,45,46,44,45,46,44,45,46,44,45,46,44,45,46,44,45,46,44,45,46,44,45,46,44,45,46,44,45,46,44,45,46,44,45,46,44,45,46,44,45,46,44,45,46,44,45,46,44,45,46,44,45,46,44,45,46,44,45,46,44,45,46,44,45,46,44,45
0,1,2,0,1,2,0,1,2,0,1,2,0,1,2,0,1,2,0,1,2,0,1,2,0,1,2,0,1,2,0,1,2,0,1,2,0,1,2,0,1,2,0,1,2,0,1,2,0,1,2,0,1,2,0,1,2,0,1,2,0,1,2,0,1,2,0,1,2,0,1,2,0,1,2,0,1,2,0,1,2,0,1,2,0,1,2,0,1,2,0,1,2,0,1,2,0,1,2,0,1,2,0,1,2,0,1,2,0,1,2,0,1,2,0,1,2,0,1,2,0,1,2,0,1,2,0,1
22,23,24,22,23,24,22,23,24,22,23,24,22,23,24,22,23,24,22,23,24,22,23,24,22,23,24,22,23,24,22,23,24,22,23,24,22,23,24,22,23,24,22,23,24,22,23,24,22,23,24,22,23,24,22,23,24,22,23,24,22,23,24,22,23,24,22,23,24,22,23,24,22,23,24,22,23,24,22,23,24,22,23,24,22,23,24,22,23,24,22,23,24,22,23,24,22,23,24,22,23,24,22,23,24,22,23,24,22,23,24,22,23,24,22,23,24,22,23,24,22,23,24,22,23,24,22,23
44,45,46,44,45,46,44,45,46,44,45,46,44,45,46,44,45,46,44,45,46,44,45,46,44,45,46,44,45,46,44,45,46,44,45,46,44,45,46,44,45,46,44,45,46,44,45,46,44,45,46,44,45,46,44,45,46,44,45,46,44,45,46,44,45,46,44,45,46,44,45,46,44,45,46,44,45,46,44,45,46,44,45,46,44,45,46,44,45,46,44,45,46,44,45,46,44,45,46,44,45,46,44,45,46,44,45,46,44,45,46,44,45,46,44,45,46,44,45,46,44,45,46,44,45,46,44,45
0,1,2,0,1,2,0,1,2,0,1,2,0,1,2,0,1,2,0,1,2,0,1,2,0,1,2,0,1,2,0,1,2,0,1,2,0,1,2,0,1,2,0,1,2,0,1,2,0,1,2,0,1,2,0,1,2,0,1,2,0,1,2,0,1,2,0,1,2,0,1,2,0,1,2,0,1,2,0,1,2,0,1,2,0,1,2,0,1,2,0,1,2,0,1,2,0,1,2,0,1,2,0,1,2,0,1,2,0,1,2,0,1,2,0,1,2,0,1,2,0,1,2,0,1,2,0,1
22,23,24,22,23,24,22,23,24,22,23,24,22,23,24,22,23,24,22,23,24,22,23,24,22,23,24,22,23,24,22,23,24,22,23,24,22,23,24,22,23,24,22,23,24,22,23,24,22,23,24,22,23,24,22,23,24,22,23,24,22,23,24,22,23,24,22,23,24,22,23,24,22,23,24,22,23,24,22,23,24,22,23,24,22,23,24,22,23,24,22,23,24,22,23,24,22,23,24,22,23,24,22,23,24,22,23,24,22,23,24,22,23,24,22,23,24,22,23,24,22,23,24,22,23,24,22,23
44,45,46,44,45,46,44,45,46,44,45,46,44,45,46,44,45,46,44,45,46,44,45,46,44,45,46,44,45,46,44,45,46,44,45,46,44,45,46,44,45,46,44,45,46,44,45,46,44,45,46,44,45,46,44,45,46,44,45,46,44,45,46,44,45,46,44,45,46,44,45,46,44,45,46,44,45,46,44,45,46,44,45,46,44,45,46,44,45,46,44,45,46,44,45,46,44,45,46,44,45,46,44,45,46,44,45,46,44,45,46,44,45,46,44,45,46,44,45,46,44,45,46,44,45,46,44,45
0,1,2,0,1,2,0,1,2,0,1,2,0,1,2,0,1,2,0,1,2,0,1,2,0,1,2,0,1,2,0,1,2,0,1,2,0,1,2,0,1,2,0,1,2,0,1,2,0,1,2,0,1,2,0,1,2,0,1,2,0,1,2,0,1,2,0,1,2,0,1,2,0,1,2,0,1,2,0,1,2,0,1,2,0,1,2,0,1,2,0,1,2,0,1,2,0,1,2,0,1,2,0,1,2,0,1,2,0,1,2,0,1,2,0,1,2,0,1,2,0,1,2,0,1,2,0,1
22,23,24,22,23,24,22,23,24,22,23,24,22,23,24,22,23,24,22,23,24,22,23,24,22,23,24,22,23,24,22,23,24,22,23,24,22,23,24,22,23,24,22,23,24,22,23,24,22,23,24,22,23,24,22,23,24,22,23,24,22,23,24,22,23,24,22,23,24,22,23,24,22,23,24,22,23,24,22,23,24,22,23,24,22,23,24,22,23,24,22,23,24,22,23,24,22,23,24,22,23,24,22,23,24,22,23,24,22,23,24,22,23,24,22,23,24,22,23,24,22,23,24,22,23,24,22,23
44,45,46,44,45,46,44,45,46,44,45,46,44,45,46,44,45,46,44,45,46,44,45,46,44,45,46,44,45,46,44,45,46,44,45,46,44,45,46,44,45,46,44,45,46,44,45,46,44,45,46,44,45,46,44,45,46,44,45,46,44,45,46,44,45,46,44,45,46,44,45,46,44,45,46,44,45,46,44,45,46,44,45,46,44,45,46,44,45,46,44,45,46,44,45,46,44,45,46,44,45,46,44,45,46,44,45,46,44,45,46,44,45,46,44,45,46,44,45,46,44,45,46,44,45,46,44,45
0,1,2,0,1,2,0,1,2,0,1,2,0,1,2,0,1,2,0,1,2,0,1,2,0,1,2,0,1,2,0,1,2,0,1,2,0,1,2,0,1,2,0,1,2,0,1,2,0,1,2,0,1,2,0,1,2,0,1,2,0,1,2,0,1,2,0,1,2,0,1,2,0,1,2,0,1,2,0,1,2,0,1,2,0,1,2,0,1,2,0,1,2,0,1,2,0,1,2,0,1,2,0,1,2,0,1,2,0,1,2,0,1,2,0,1,2,0,1,2,0,1,2,0,1,2,0,1
22,23,24,22,23,24,22,23,24,22,23,24,22,23,24,22,23,24,22,23,24,22,23,24,22,23,24,22,23,24,22,23,24,22,23,24,22,23,24,22,23,24,22,23,24,22,23,24,22,23,24,22,23,24,22,23,24,22,23,24,22,23,24,22,23,24,22,23,24,22,23,24,22,23,24,22,23,24,22,23,24,22,23,24,22,23,24,22,23,24,22,23,24,22,23,24,22,23,24,22,23,24,22,23,24,22,23,24,22,23,24,22,23,24,22,23,24,22,23,24,22,23,24,22,23,24,22,23
44,45,46,44,45,46,44,45,46,44,45,46,44,45,46,44,45,46,44,45,46,44,45,46,44,45,46,44,45,46,44,45,46,44,45,46,44,45,46,44,45,46,44,45,46,44,45,46,44,45,46,44,45,46,44,45,46,44,45,46,44,45,46,44,45,46,44,45,46,44,45,46,44,45,46,44,45,46,44,45,46,44,45,46,44,45,46,44,45,46,44,45,46,44,45,46,44,45,46,44,45,46,44,45,46,44,45,46,44,45,46,44,45,46,44,45,46,44,45,46,44,45,46,44,45,46,44,45
0,1,2,0,1,2,0,1,2,0,1,2,0,1,2,0,1,2,0,1,2,0,1,2,0,1,2,0,1,2,0,1,2,0,1,2,0,1,2,0,1,2,0,1,2,0,1,2,0,1,2,0,1,2,0,1,2,0,1,2,0,1,2,0,1,2,0,1,2,0,1,2,0,1,2,0,1,2,0,1,2,0,1,2,0,1,2,0,1,2,0,1,2,0,1,2,0,1,2,0,1,2,0,1,2,0,1,2,0,1,2,0,1,2,0,1,2,0,1,2,0,1,2,0,1,2,0,1
22,23,24,22,23,24,22,23,24,22,23,24,22,23,24,22,23,24,22,23,24,22,23,24,22,23,24,22,23,24,22,23,24,22,23,24,22,23,24,22,23,24,22,23,24,22,23,24,22,23,24,22,23,24,22,23,24,22,23,24,22,23,24,22,23,24,22,23,24,22,23,24,22,23,24,22,23,24,22,23,24,22,23,24,22,23,24,22,23,24,22,23,24,22,23,24,22,23,24,22,23,24,22,23,24,22,23,24,22,23,24,22,23,24,22,23,24,22,23,24,22,23,24,22,23,24,22,23
44,45,46,44,45,46,44,45,46,44,45,46,44,45,46,44,45,46,44,45,46,44,45,46,44,45,46,44,45,46,44,45,46,44,45,46,44,45,46,44,45,46,44,45,46,44,45,46,44,45,46,44,45,46,44,45,46,44,45,46,44,45,46,44,45,46,44,45,46,44,45,46,44,45,46,44,45,46,44,45,46,44,45,46,44,45,46,44,45,46,44,45,46,44,45,46,44,45,46,44,45,46,44,45,46,44,45,46,44,45,46,44,45,46,44,45,46,44,45,46,44,45,46,44,45,46,44,45
0,1,2,0,1,2,0,1,2,0,1,2,0,1,2,0,1,2,0,1,2,0,1,2,0,1,2,0,1,2,0,1,2,0,1,2,0,1,2,0,1,2,0,1,2,0,1,2,0,1,2,0,1,2,0,1,2,0,1,2,0,1,2,0,1,2,0,1,2,0,1,2,0,1,2,0,1,2,0,1,2,0,1,2,0,1,2,0,1,2,0,1,2,0,1,2,0,1,2,0,1,2,0,1,2,0,1,2,0,1,2,0,1,2,0,1,2,0,1,2,0,1,2,0,1,2,0,1
22,23,24,22,23,24,22,23,24,22,23,24,22,23,24,22,23,24,22,23,24,22,23,24,22,23,24,22,23,24,22,23,24,22,23,24,22,23,24,22,23,24,22,23,24,22,23,24,22,23,24,22,23,24,22,23,24,22,23,24,22,23,24,22,23,24,22,23,24,22,23,24,22,23,24,22,23,24,22,23,24,22,23,24,22,23,24,22,23,24,22,23,24,22,23,24,22,23,24,22,23,24,22,23,24,22,23,24,22,23,24,22,23,24,22,23,24,22,23,24,22,23,24,22,23,24,22,23
44,45,46,44,45,46,44,45,46,44,45,46,44,45,46,44,45,46,44,45,46,44,45,46,44,45,46,44,45,46,44,45,46,44,45,46,44,45,46,44,45,46,44,45,46,44,45,46,44,45,46,44,45,46,44,45,46,44,45,46,44,45,46,44,45,46,44,45,46,44,45,46,44,45,46,44,45,46,44,45,46,44,45,46,44,45,46,44,45,46,44,45,46,44,45,46,44,45,46,44,45,46,44,45,46,44,45,46,44,45,46,44,45,46,44,45,46,44,45,46,44,45,46,44,45,46,44,45
0,1,2,0,1,2,0,1,2,0,1,2,0,1,2,0,1,2,0,1,2,0,1,2,0,1,2,0,1,2,0,1,2,0,1,2,0,1,2,0,1,2,0,1,2,0,1,2,0,1,2,0,1,2,0,1,2,0,1,2,0,1,2,0,1,2,0,1,2,0,1,2,0,1,2,0,1,2,0,1,2,0,1,2,0,1,2,0,1,2,0,1,2,0,1,2,0,1,2,0,1,2,0,1,2,0,1,2,0,1,2,0,1,2,0,1,2,0,1,2,0,1,2,0,1,2,0,1
22,23,24,22,23,24,22,23,24,22,23,24,22,23,24,22,23,24,22,23,24,22,23,24,22,23,24,22,23,24,22,23,24,22,23,24,22,23,24,22,23,24,22,23,24,22,23,24,22,23,24,22,23,24,22,23,24,22,23,24,22,23,24,22,23,24,22,23,24,22,23,24,22,23,24,22,23,24,22,23,24,22,23,24,22,23,24,22,23,24,22,23,24,22,23,24,22,23,24,22,23,24,22,23,24,22,23,24,22,23,24,22,23,24,22,23,24,22,23,24,22,23,24,22,23,24,22,23
44,45,46,44,45,46,44,45,46,44,45,46,44,45,46,44,45,46,44,45,46,44,45,46,44,45,46,44,45,46,44,45,46,44,45,46,44,45,46,44,45,46,44,45,46,44,45,46,44,45,46,44,45,46,44,45,46,44,45,46,44,45,46,44,45,46,44,45,46,44,45,46,44,45,46,44,45,46,44,45,46,44,45,46,44,45,46,44,45,46,44,45,46,44,45,46,44,45,46,44,45,46,44,45,46,44,45,46,44,45,46,44,45,46,44,45,46,44,45,46,44,45,46,44,45,46,44,45
0,1,2,0,1,2,0,1,2,0,1,2,0,1,2,0,1,2,0,1,2,0,1,2,0,1,2,0,1,2,0,1,2,0,1,2,0,1,2,0,1,2,0,1,2,0,1,2,0,1,2,0,1,2,0,1,2,0,1,2,0,1,2,0,1,2,0,1,2,0,1,2,0,1,2,0,1,2,0,1,2,0,1,2,0,1,2,0,1,2,0,1,2,0,1,2,0,1,2,0,1,2,0,1,2,0,1,2,0,1,2,0,1,2,0,1,2,0,1,2,0,1,2,0,1,2,0,1
22,23,24,22,23,24,22,23,24,22,23,24,22,23,24,22,23,24,22,23,24,22,23,24,22,23,24,22,23,24,22,23,24,22,23,24,22,23,24,22,23,24,22,23,24,22,23,24,22,23,24,22,23,24,22,23,24,22,23,24,22,23,24,22,23,24,22,23,24,22,23,24,22,23,24,22,23,24,22,23,24,22,23,24,22,23,24,22,23,24,22,23,24,22,23,24,22,23,24,22,23,24,22,23,24,22,23,24,22,23,24,22,23,24,22,23,24,22,23,24,22,23,24,22,23,24,22,23
44,45,46,44,45,46,44,45,46,44,45,46,44,45,46,44,45,46,44,45,46,44,45,46,44,45,46,44,45,46,44,45,46,44,45,46,44,45,46,44,45,46,44,45,46,44,45,46,44,45,46,44,45,46,44,45,46,44,45,46,44,45,46,44,45,46,44,45,46,44,45,46,44,45,46,44,45,46,44,45,46,44,45,46,44,45,46,44,45,46,44,45,46,44,45,46,44,45,46,44,45,46,44,45,46,44,45,46,44,45,46,44,45,46,44,45,46,44,45,46,44,45,46,44,45,46,44,45
0,1,2,0,1,2,0,1,2,0,1,2,0,1,2,0,1,2,0,1,2,0,1,2,0,1,2,0,1,2,0,1,2,0,1,2,0,1,2,0,1,2,0,1,2,0,1,2,0,1,2,0,1,2,0,1,2,0,1,2,0,1,2,0,1,2,0,1,2,0,1,2,0,1,2,0,1,2,0,1,2,0,1,2,0,1,2,0,1,2,0,1,2,0,1,2,0,1,2,0,1,2,0,1,2,0,1,2,0,1,2,0,1,2,0,1,2,0,1,2,0,1,2,0,1,2,0,1
22,23,24,22,23,24,22,23,24,22,23,24,22,23,24,22,23,24,22,23,24,22,23,24,22,23,24,22,23,24,22,23,24,22,23,24,22,23,24,22,23,24,22,23,24,22,23,24,22,23,24,22,23,24,22,23,24,22,23,24,22,23,24,22,23,24,22,23,24,22,23,24,22,23,24,22,23,24,22,23,24,22,23,24,22,23,24,22,23,24,22,23,24,22,23,24,22,23,24,22,23,24,22,23,24,22,23,24,22,23,24,22,23,24,22,23,24,22,23,24,22,23,24,22,23,24,22,23
44,45,46,44,45,46,44,45,46,44,45,46,44,45,46,44,45,46,44,45,46,44,45,46,44,45,46,44,45,46,44,45,46,44,45,46,44,45,46,44,45,46,44,45,46,44,45,46,44,45,46,44,45,46,44,45,46,44,45,46,44,45,46,44,45,46,44,45,46,44,45,46,44,45,46,44,45,46,44,45,46,44,45,46,44,45,46,44,45,46,44,45,46,44,45,46,44,45,46,44,45,46,44,45,46,44,45,46,44,45,46,44,45,46,44,45,46,44,45,46,44,45,46,44,45,46,44,45
0,1,2,0,1,2,0,1,2,0,1,2,0,1,2,0,1,2,0,1,2,0,1,2,0,1,2,0,1,2,0,1,2,0,1,2,0,1,2,0,1,2,0,1,2,0,1,2,0,1,2,0,1,2,0,1,2,0,1,2,0,1,2,0,1,2,0,1,2,0,1,2,0,1,2,0,1,2,0,1,2,0,1,2,0,1,2,0,1,2,0,1,2,0,1,2,0,1,2,0,1,2,0,1,2,0,1,2,0,1,2,0,1,2,0,1,2,0,1,2,0,1,2,0,1,2,0,1
22,23,24,22,23,24,22,23,24,22,23,24,22,23,24,22,23,24,22,23,24,22,23,24,22,23,24,22,23,24,22,23,24,22,23,24,22,23,24,22,23,24,22,23,24,22,23,24,22,23,24,22,23,24,22,23,24,22,23,24,22,23,24,22,23,24,22,23,24,22,23,24,22,23,24,22,23,24,22,23,24,22,23,24,22,23,24,22,23,24,22,23,24,22,23,24,22,23,24,22,23,24,22,23,24,22,23,24,22,23,24,22,23,24,22,23,24,22,23,24,22,23,24,22,23,24,22,23
44,45,46,44,45,46,44,45,46,44,45,46,44,45,46,44,45,46,44,45,46,44,45,46,44,45,46,44,45,46,44,45,46,44,45,46,44,45,46,44,45,46,44,45,46,44,45,46,44,45,46,44,45,46,44,45,46,44,45,46,44,45,46,44,45,46,44,45,46,44,45,46,44,45,46,44,45,46,44,45,46,44,45,46,44,45,46,44,45,46,44,45,46,44,45,46,44,45,46,44,45,46,44,45,46,44,45,46,44,45,46,44,45,46,44,45,46,44,45,46,44,45,46,44,45,46,44,45
0,1,2,0,1,2,0,1,2,0,1,2,0,1,2,0,1,2,0,1,2,0,1,2,0,1,2,0,1,2,0,1,2,0,1,2,0,1,2,0,1,2,0,1,2,0,1,2,0,1,2,0,1,2,0,1,2,0,1,2,0,1,2,0,1,2,0,1,2,0,1,2,0,1,2,0,1,2,0,1,2,0,1,2,0,1,2,0,1,2,0,1,2,0,1,2,0,1,2,0,1,2,0,1,2,0,1,2,0,1,2,0,1,2,0,1,2,0,1,2,0,1,2,0,1,2,0,1
22,23,24,22,23,24,22,23,24,22,23,24,22,23,24,22,23,24,22,23,24,22,23,24,22,23,24,22,23,24,22,23,24,22,23,24,22,23,24,22,23,24,22,23,24,22,23,24,22,23,24,22,23,24,22,23,24,22,23,24,22,23,24,22,23,24,22,23,24,22,23,24,22,23,24,22,23,24,22,23,24,22,23,24,22,23,24,22,23,24,22,23,24,22,23,24,22,23,24,22,23,24,22,23,24,22,23,24,22,23,24,22,23,24,22,23,24,22,23,24,22,23,24,22,23,24,22,23
44,45,46,44,45,46,44,45,46,44,45,46,44,45,46,44,45,46,44,45,46,44,45,46,44,45,46,44,45,46,44,45,46,44,45,46,44,45,46,44,45,46,44,45,46,44,45,46,44,45,46,44,45,46,44,45,46,44,45,46,44,45,46,44,45,46,44,45,46,44,45,46,44,45,46,44,45,46,44,45,46,44,45,46,44,45,46,44,45,46,44,45,46,44,45,46,44,45,46,44,45,46,44,45,46,44,45,46,44,45,46,44,45,46,44,45,46,44,45,46,44,45,46,44,45,46,44,45
0,1,2,0,1,2,0,1,2,0,1,2,0,1,2,0,1,2,0,1,2,0,1,2,0,1,2,0,1,2,0,1,2,0,1,2,0,1,2,0,1,2,0,1,2,0,1,2,0,1,2,0,1,2,0,1,2,0,1,2,0,1,2,0,1,2,0,1,2,0,1,2,0,1,2,0,1,2,0,1,2,0,1,2,0,1,2,0,1,2,0,1,2,0,1,2,0,1,2,0,1,2,0,1,2,0,1,2,0,1,2,0,1,2,0,1,2,0,1,2,0,1,2,0,1,2,0,1
22,23,24,22,23,24,22,23,24,22,23,24,22,23,24,22,23,24,22,23,24,22,23,24,22,23,24,22,23,24,22,23,24,22,23,24,22,23,24,22,23,24,22,23,24,22,23,24,22,23,24,22,23,24,22,23,24,22,23,24,22,23,24,22,23,24,22,23,24,22,23,24,22,23,24,22,23,24,22,23,24,22,23,24,22,23,24,22,23,24,22,23,24,22,23,24,22,23,24,22,23,24,22,23,24,22,23,24,22,23,24,22,23,24,22,23,24,22,23,24,22,23,24,22,23,24,22,23
44,45,46,44,45,46,44,45,46,44,45,46,44,45,46,44,45,46,44,45,46,44,45,46,44,45,46,44,45,46,44,45,46,44,45,46,44,45,46,44,45,46,44,45,46,44,45,46,44,45,46,44,45,46,44,45,46,44,45,46,44,45,46,44,45,46,44,45,46,44,45,46,44,45,46,44,45,46,44,45,46,44,45,46,44,45,46,44,45,46,44,45,46,44,45,46,44,45,46,44,45,46,44,45,46,44,45,46,44,45,46,44,45,46,44,45,46,44,45,46,44,45,46,44,45,46,44,45
0,1,2,0,1,2,0,1,2,0,1,2,0,1,2,0,1,2,0,1,2,0,1,2,0,1,2,0,1,2,0,1,2,0,1,2,0,1,2,0,1,2,0,1,2,0,1,2,0,1,2,0,1,2,0,1,2,0,1,2,0,1,2,0,1,2,0,1,2,0,1,2,0,1,2,0,1,2,0,1,2,0,1,2,0,1,2,0,1,2,0,1,2,0,1,2,0,1,2,0,1,2,0,1,2,0,1,2,0,1,2,0,1,2,0,1,2,0,1,2,0,1,2,0,1,2,0,1
22,23,24,22,23,24,22,23,24,22,23,24,22,23,24,22,23,24,22,23,24,22,23,24,22,23,24,22,23,24,22,23,24,22,23,24,22,23,24,22,23,24,22,23,24,22,23,24,22,23,24,22,23,24,22,23,24,22,23,24,22,23,24,22,23,24,22,23,24,22,23,24,22,23,24,22,23,24,22,23,24,22,23,24,22,23,24,22,23,24,22,23,24,22,23,24,22,23,24,22,23,24,22,23,24,22,23,24,22,23,24,22,23,24,22,23,24,22,23,24,22,23,24,22,23,24,22,23
44,45,46,44,45,46,44,45,46,44,45,46,44,45,46,44,45,46,44,45,46,44,45,46,44,45,46,44,45,46,44,45,46,44,45,46,44,45,46,44,45,46,44,45,46,44,45,46,44,45,46,44,45,46,44,45,46,44,45,46,44,45,46,44,45,46,44,45,46,44,45,46,44,45,46,44,45,46,44,45,46,44,45,46,44,45,46,44,45,46,44,45,46,44,45,46,44,45,46,44,45,46,44,45,46,44,45,46,44,45,46,44,45,46,44,45,46,44,45,46,44,45,46,44,45,46,44,45
0,1,2,0,1,2,0,1,2,0,1,2,0,1,2,0,1,2,0,1,2,0,1,2,0,1,2,0,1,2,0,1,2,0,1,2,0,1,2,0,1,2,0,1,2,0,1,2,0,1,2,0,1,2,0,1,2,0,1,2,0,1,2,0,1,2,0,1,2,0,1,2,0,1,2,0,1,2,0,1,2,0,1,2,0,1,2,0,1,2,0,1,2,0,1,2,0,1,2,0,1,2,0,1,2,0,1,2,0,1,2,0,1,2,0,1,2,0,1,2,0,1,2,0,1,2,0,1
22,23,24,22,23,24,22,23,24,22,23,24,22,23,24,22,23,24,22,23,24,22,23,24,22,23,24,22,23,24,22,23,24,22,23,24,22,23,24,22,23,24,22,23,24,22,23,24,22,23,24,22,23,24,22,23,24,22,23,24,22,23,24,22,23,24,22,23,24,22,23,24,22,23,24,22,23,24,22,23,24,22,23,24,22,23,24,22,23,24,22,23,24,22,23,24,22,23,24,22,23,24,22,23,24,22,23,24,22,23,24,22,23,24,22,23,24,22,23,24,22,23,24,22,23,24,22,23
44,45,46,44,45,46,44,45,46,44,45,46,44,45,46,44,45,46,44,45,46,44,45,46,44,45,46,44,45,46,44,45,46,44,45,46,44,45,46,44,45,46,44,45,46,44,45,46,44,45,46,44,45,46,44,45,46,44,45,46,44,45,46,44,45,46,44,45,46,44,45,46,44,45,46,44,45,46,44,45,46,44,45,46,44,45,46,44,45,46,44,45,46,44,45,46,44,45,46,44,45,46,44,45,46,44,45,46,44,45,46,44,45,46,44,45,46,44,45,46,44,45,46,44,45,46,44,45
0,1,2,0,1,2,0,1,2,0,1,2,0,1,2,0,1,2,0,1,2,0,1,2,0,1,2,0,1,2,0,1,2,0,1,2,0,1,2,0,1,2,0,1,2,0,1,2,0,1,2,0,1,2,0,1,2,0,1,2,0,1,2,0,1,2,0,1,2,0,1,2,0,1,2,0,1,2,0,1,2,0,1,2,0,1,2,0,1,2,0,1,2,0,1,2,0,1,2,0,1,2,0,1,2,0,1,2,0,1,2,0,1,2,0,1,2,0,1,2,0,1,2,0,1,2,0,1
22,23,24,22,23,24,22,23,24,22,23,24,22,23,24,22,23,24,22,23,24,22,23,24,22,23,24,22,23,24,22,23,24,22,23,24,22,23,24,22,23,24,22,23,24,22,23,24,22,23,24,22,23,24,22,23,24,22,23,24,22,23,24,22,23,24,22,23,24,22,23,24,22,23,24,22,23,24,22,23,24,22,23,24,22,23,24,22,23,24,22,23,24,22,23,24,22,23,24,22,23,24,22,23,24,22,23,24,22,23,24,22,23,24,22,23,24,22,23,24,22,23,24,22,23,24,22,23
44,45,46,44,45,46,44,45,46,44,45,46,44,45,46,44,45,46,44,45,46,44,45,46,44,45,46,44,45,46,44,45,46,44,45,46,44,45,46,44,45,46,44,45,46,44,45,46,44,45,46,44,45,46,44,45,46,44,45,46,44,45,46,44,45,46,44,45,46,44,45,46,44,45,46,44,45,46,44,45,46,44,45,46,44,45,46,44,45,46,44,45,46,44,45,46,44,45,46,44,45,46,44,45,46,44,45,46,44,45,46,44,45,46,44,45,46,44,45,46,44,45,46,44,45,46,44,45
0,1,2,0,1,2,0,1,2,0,1,2,0,1,2,0,1,2,0,1,2,0,1,2,0,1,2,0,1,2,0,1,2,0,1,2,0,1,2,0,1,2,0,1,2,0,1,2,0,1,2,0,1,2,0,1,2,0,1,2,0,1,2,0,1,2,0,1,2,0,1,2,0,1,2,0,1,2,0,1,2,0,1,2,0,1,2,0,1,2,0,1,2,0,1,2,0,1,2,0,1,2,0,1,2,0,1,2,0,1,2,0,1,2,0,1,2,0,1,2,0,1,2,0,1,2,0,1
22,23,24,22,23,24,22,23,24,22,23,24,22,23,24,22,23,24,22,23,24,22,23,24,22,23,24,22,23,24,22,23,24,22,23,24,22,23,24,22,23,24,22,23,24,22,23,24,22,23,24,22,23,24,22,23,24,22,23,24,22,23,24,22,23,24,22,23,24,22,23,24,22,23,24,22,23,24,22,23,24,22,23,24,22,23,24,22,23,24,22,23,24,22,23,24,22,23,24,22,23,24,22,23,24,22,23,24,22,23,24,22,23,24,22,23,24,22,23,24,22,23,24,22,23,24,22,23
44,45,46,44,45,46,44,45,46,44,45,46,44,45,46,44,45,46,44,45,46,44,45,46,44,45,46,44,45,46,44,45,46,44,45,46,44,45,46,44,45,46,44,45,46,44,45,46,44,45,46,44,45,46,44,45,46,44,45,46,44,45,46,44,45,46,44,45,46,44,45,46,44,45,46,44,45,46,44,45,46,44,45,46,44,45,46,44,45,46,44,45,46,44,45,46,44,45,46,44,45,46,44,45,46,44,45,46,44,45,46,44,45,46,44,45,46,44,45,46,44,45,46,44,45,46,44,45
0,1,2,0,1,2,0,1,2,0,1,2,0,1,2,0,1,2,0,1,2,0,1,2,0,1,2,0,1,2,0,1,2,0,1,2,0,1,2,0,1,2,0,1,2,0,1,2,0,1,2,0,1,2,0,1,2,0,1,2,0,1,2,0,1,2,0,1,2,0,1,2,0,1,2,0,1,2,0,1,2,0,1,2,0,1,2,0,1,2,0,1,2,0,1,2,0,1,2,0,1,2,0,1,2,0,1,2,0,1,2,0,1,2,0,1,2,0,1,2,0,1,2,0,1,2,0,1
22,23,24,22,23,24,22,23,24,22,23,24,22,23,24,22,23,24,22,23,24,22,23,24,22,23,24,22,23,24,22,23,24,22,23,24,22,23,24,22,23,24,22,23,24,22,23,24,22,23,24,22,23,24,22,23,24,22,23,24,22,23,24,22,23,24,22,23,24,22,23,24,22,23,24,22,23,24,22,23,24,22,23,24,22,23,24,22,23,24,22,23,24,22,23,24,22,23,24,22,23,24,22,23,24,22,23,24,22,23,24,22,23,24,22,23,24,22,23,24,22,23,24,22,23,24,22,23
44,45,46,44,45,46,44,45,46,44,45,46,44,45,46,44,45,46,44,45,46,44,45,46,44,45,46,44,45,46,44,45,46,44,45,46,44,45,46,44,45,46,44,45,46,44,45,46,44,45,46,44,45,46,44,45,46,44,45,46,44,45,46,44,45,46,44,45,46,44,45,46,44,45,46,44,45,46,44,45,46,44,45,46,44,45,46,44,45,46,44,45,46,44,45,46,44,45,46,44,45,46,44,45,46,44,45,46,44,45,46,44,45,46,44,45,46,44,45,46,44,45,46,44,45,46,44,45
0,1,2,0,1,2,0,1,2,0,1,2,0,1,2,0,1,2,0,1,2,0,1,2,0,1,2,0,1,2,0,1,2,0,1,2,0,1,2,0,1,2,0,1,2,0,1,2,0,1,2,0,1,2,0,1,2,0,1,2,0,1,2,0,1,2,0,1,2,0,1,2,0,1,2,0,1,2,0,1,2,0,1,2,0,1,2,0,1,2,0,1,2,0,1,2,0,1,2,0,1,2,0,1,2,0,1,2,0,1,2,0,1,2,0,1,2,0,1,2,0,1,2,0,1,2,0,1
22,23,24,22,23,24,22,23,24,22,23,24,22,23,24,22,23,24,22,23,24,22,23,24,22,23,24,22,23,24,22,23,24,22,23,24,22,23,24,22,23,24,22,23,24,22,23,24,22,23,24,22,23,24,22,23,24,22,23,24,22,23,24,22,23,24,22,23,24,22,23,24,22,23,24,22,23,24,22,23,24,22,23,24,22,23,24,22,23,24,22,23,24,22,23,24,22,23,24,22,23,24,22,23,24,22,23,24,22,23,24,22,23,24,22,23,24,22,23,24,22,23,24,22,23,24,22,23
44,45,46,44,45,46,44,45,46,44,45,46,44,45,46,44,45,46,44,45,46,44,45,46,44,45,46,44,45,46,44,45,46,44,45,46,44,45,46,44,45,46,44,45,46,44,45,46,44,45,46,44,45,46,44,45,46,44,45,46,44,45,46,44,45,46,44,45,46,44,45,46,44,45,46,44,45,46,44,45,46,44,45,46,44,45,46,44,45,46,44,45,46,44,45,46,44,45,46,44,45,46,44,45,46,44,45,46,44,45,46,44,45,46,44,45,46,44,45,46,44,45,46,44,45,46,44,45
0,1,2,0,1,2,0,1,2,0,1,2,0,1,2,0,1,2,0,1,2,0,1,2,0,1,2,0,1,2,0,1,2,0,1,2,0,1,2,0,1,2,0,1,2,0,1,2,0,1,2,0,1,2,0,1,2,0,1,2,0,1,2,0,1,2,0,1,2,0,1,2,0,1,2,0,1,2,0,1,2,0,1,2,0,1,2,0,1,2,0,1,2,0,1,2,0,1,2,0,1,2,0,1,2,0,1,2,0,1,2,0,1,2,0,1,2,0,1,2,0,1,2,0,1,2,0,1
22,23,24,22,23,24,22,23,24,22,23,24,22,23,24,22,23,24,22,23,24,22,23,24,22,23,24,22,23,24,22,23,24,22,23,24,22,23,24,22,23,24,22,23,24,22,23,24,22,23,24,22,23,24,22,23,24,22,23,24,22,23,24,22,23,24,22,23,24,22,23,24,22,23,24,22,23,24,22,23,24,22,23,24,22,23,24,22,23,24,22,23,24,22,23,24,22,23,24,22,23,24,22,23,24,22,23,24,22,23,24,22,23,24,22,23,24,22,23,24,22,23,24,22,23,24,22,23
44,45,46,44,45,46,44,45,46,44,45,46,44,45,46,44,45,46,44,45,46,44,45,46,44,45,46,44,45,46,44,45,46,44,45,46,44,45,46,44,45,46,44,45,46,44,45,46,44,45,46,44,45,46,44,45,46,44,45,46,44,45,46,44,45,46,44,45,46,44,45,46,44,45,46,44,45,46,44,45,46,44,45,46,44,45,46,44,45,46,44,45,46,44,45,46,44,45,46,44,45,46,44,45,46,44,45,46,44,45,46,44,45,46,44,45,46,44,45,46,44,45,46,44,45,46,44,45
0,1,2,0,1,2,0,1,2,0,1,2,0,1,2,0,1,2,0,1,2,0,1,2,0,1,2,0,1,2,0,1,2,0,1,2,0,1,2,0,1,2,0,1,2,0,1,2,0,1,2,0,1,2,0,1,2,0,1,2,0,1,2,0,1,2,0,1,2,0,1,2,0,1,2,0,1,2,0,1,2,0,1,2,0,1,2,0,1,2,0,1,2,0,1,2,0,1,2,0,1,2,0,1,2,0,1,2,0,1,2,0,1,2,0,1,2,0,1,2,0,1,2,0,1,2,0,1
22,23,24,22,23,24,22,23,24,22,23,24,22,23,24,22,23,24,22,23,24,22,23,24,22,23,24,22,23,24,22,23,24,22,23,24,22,23,24,22,23,24,22,23,24,22,23,24,22,23,24,22,23,24,22,23,24,22,23,24,22,23,24,22,23,24,22,23,24,22,23,24,22,23,24,22,23,24,22,23,24,22,23,24,22,23,24,22,23,24,22,23,24,22,23,24,22,23,24,22,23,24,22,23,24,22,23,24,22,23,24,22,23,24,22,23,24,22,23,24,22,23,24,22,23,24,22,23
44,45,46,44,45,46,44,45,46,44,45,46,44,45,46,44,45,46,44,45,46,44,45,46,44,45,46,44,45,46,44,45,46,44,45,46,44,45,46,44,45,46,44,45,46,44,45,46,44,45,46,44,45,46,44,45,46,44,45,46,44,45,46,44,45,46,44,45,46,44,45,46,44,45,46,44,45,46,44,45,46,44,45,46,44,45,46,44,45,46,44,45,46,44,45,46,44,45,46,44,45,46,44,45,46,44,45,46,44,45,46,44,45,46,44,45,46,44,45,46,44,45,46,44,45,46,44,45
0,1,2,0,1,2,0,1,2,0,1,2,0,1,2,0,1,2,0,1,2,0,1,2,0,1,2,0,1,2,0,1,2,0,1,2,0,1,2,0,1,2,0,1,2,0,1,2,0,1,2,0,1,2,0,1,2,0,1,2,0,1,2,0,1,2,0,1,2,0,1,2,0,1,2,0,1,2,0,1,2,0,1,2,0,1,2,0,1,2,0,1,2,0,1,2,0,1,2,0,1,2,0,1,2,0,1,2,0,1,2,0,1,2,0,1,2,0,1,2,0,1,2,0,1,2,0,1
22,23,24,22,23,24,22,23,24,22,23,24,22,23,24,22,23,24,22,23,24,22,23,24,22,23,24,22,23,24,22,23,24,22,23,24,22,23,24,22,23,24,22,23,24,22,23,24,22,23,24,22,23,24,22,23,24,22,23,24,22,23,24,22,23,24,22,23,24,22,23,24,22,23,24,22,23,24,22,23,24,22,23,24,22,23,24,22,23,24,22,23,24,22,23,24,22,23,24,22,23,24,22,23,24,22,23,24,22,23,24,22,23,24,22,23,24,22,23,24,22,23,24,22,23,24,22,23
44,45,46,44,45,46,44,45,46,44,45,46,44,45,46,44,45,46,44,45,46,44,45,46,44,45,46,44,45,46,44,45,46,44,45,46,44,45,46,44,45,46,44,45,46,44,45,46,44,45,46,44,45,46,44,45,46,44,45,46,44,45,46,44,45,46,44,45,46,44,45,46,44,45,46,44,45,46,44,45,46,44,45,46,44,45,46,44,45,46,44,45,46,44,45,46,44,45,46,44,45,46,44,45,46,44,45,46,44,45,46,44,45,46,44,45,46,44,45,46,44,45,46,44,45,46,44,45
0,1,2,0,1,2,0,1,2,0,1,2,0,1,2,0,1,2,0,1,2,0,1,2,0,1,2,0,1,2,0,1,2,0,1,2,0,1,2,0,1,2,0,1,2,0,1,2,0,1,2,0,1,2,0,1,2,0,1,2,0,1,2,0,1,2,0,1,2,0,1,2,0,1,2,0,1,2,0,1,2,0,1,2,0,1,2,0,1,2,0,1,2,0,1,2,0,1,2,0,1,2,0,1,2,0,1,2,0,1,2,0,1,2,0,1,2,0,1,2,0,1,2,0,1,2,0,1
22,23,24,22,23,24,22,23,24,22,23,24,22,23,24,22,23,24,22,23,24,22,23,24,22,23,24,22,23,24,22,23,24,22,23,24,22,23,24,22,23,24,22,23,24,22,23,24,22,23,24,22,23,24,22,23,24,22,23,24,22,23,24,22,23,24,22,23,24,22,23,24,22,23,24,22,23,24,22,23,24,22,23,24,22,23,24,22,23,24,22,23,24,22,23,24,22,23,24,22,23,24,22,23,24,22,23,24,22,23,24,22,23,24,22,23,24,22,23,24,22,23,24,22,23,24,22,23
44,45,46,44,45,46,44,45,46,44,45,46,44,45,46,44,45,46,44,45,46,44,45,46,44,45,46,44,45,46,44,45,46,44,45,46,44,45,46,44,45,46,44,45,46,44,45,46,44,45,46,44,45,46,44,45,46,44,45,46,44,45,46,44,45,46,44,45,46,44,45,46,44,45,46,44,45,46,44,45,46,44,45,46,44,45,46,44,45,46,44,45,46,44,45,46,44,45,46,44,45,46,44,45,46,44,45,46,44,45,46,44,45,46,44,45,46,44,45,46,44,45,46,44,45,46,44,45
0,1,2,0,1,2,0,1,2,0,1,2,0,1,2,0,1,2,0,1,2,0,1,2,0,1,2,0,1,2,0,1,2,0,1,2,0,1,2,0,1,2,0,1,2,0,1,2,0,1,2,0,1,2,0,1,2,0,1,2,0,1,2,0,1,2,0,1,2,0,1,2,0,1,2,0,1,2,0,1,2,0,1,2,0,1,2,0,1,2,0,1,2,0,1,2,0,1,2,0,1,2,0,1,2,0,1,2,0,1,2,0,1,2,0,1,2,0,1,2,0,1,2,0,1,2,0,1
22,23,24,22,23,24,22,23,24,22,23,24,22,23,24,22,23,24,22,23,24,22,23,24,22,23,24,22,23,24,22,23,24,22,23,24,22,23,24,22,23,24,22,23,24,22,23,24,22,23,24,22,23,24,22,23,24,22,23,24,22,23,24,22,23,24,22,23,24,22,23,24,22,23,24,22,23,24,22,23,24,22,23,24,22,23,24,22,23,24,22,23,24,22,23,24,22,23,24,22,23,24,22,23,24,22,23,24,22,23,24,22,23,24,22,23,24,22,23,24,22,23,24,22,23,24,22,23
44,45,46,44,45,46,44,45,46,44,45,46,44,45,46,44,45,46,44,45,46,44,45,46,44,45,46,44,45,46,44,45,46,44,45,46,44,45,46,44,45,46,44,45,46,44,45,46,44,45,46,44,45,46,44,45,46,44,45,46,44,45,46,44,45,46,44,45,46,44,45,46,44,45,46,44,45,46,44,45,46,44,45,46,44,45,46,44,45,46,44,45,46,44,45,46,44,45,46,44,45,46,44,45,46,44,45,46,44,45,46,44,45,46,44,45,46,44,45,46,44,45,46,44,45,46,44,45
0,1,2,0,1,2,0,1,2,0,1,2,0,1,2,0,1,2,0,1,2,0,1,2,0,1,2,0,1,2,0,1,2,0,1,2,0,1,2,0,1,2,0,1,2,0,1,2,0,1,2,0,1,2,0,1,2,0,1,2,0,1,2,0,1,2,0,1,2,0,1,2,0,1,2,0,1,2,0,1,2,0,1,2,0,1,2,0,1,2,0,1,2,0,1,2,0,1,2,0,1,2,0,1,2,0,1,2,0,1,2,0,1,2,0,1,2,0,1,2,0,1,2,0,1,2,0,1
22,23,24,22,23,24,22,23,24,22,23,24,22,23,24,22,23,24,22,23,24,22,23,24,22,23,24,22,23,24,22,23,24,22,23,24,22,23,24,22,23,24,22,23,24,22,23,24,22,23,24,22,23,24,22,23,24,22,23,24,22,23,24,22,23,24,22,23,24,22,23,24,22,23,24,22,23,24,22,23,24,22,23,24,22,23,24,22,23,24,22,23,24,22,23,24,22,23,24,22,23,24,22,23,24,22,23,24,22,23,24,22,23,24,22,23,24,22,23,24,22,23,24,22,23,24,22,23
